{"cameraMode":{"drawMode":0,"name":"Shaded","section":"Shading Mode"},"sceneLighting":true,"audioPlay":false,"sceneViewState":{"m_AlwaysRefresh":false,"showFog":true,"showSkybox":true,"showFlares":true,"showImageEffects":true,"showParticleSystems":true,"showVisualEffectGraphs":true,"m_FxEnabled":true},"in2DMode":false,"pivot":{"x":0.42183685302734377,"y":0.00000762939453125,"z":15.48537826538086},"rotation":{"x":-0.053541745990514758,"y":0.9426776170730591,"z":-0.27226999402046206,"w":-0.18537747859954835},"size":36.17302322387695,"orthographic":false}